{"root_group":{"name":"","path":"","id":"d41d8cd98f00b204e9800998ecf8427e","groups":[],"checks":[]},"options":{"summaryTrendStats":["avg","min","med","max","p(90)","p(95)"],"summaryTimeUnit":"","noColor":false},"state":{"isStdErrTTY":true,"testRunDurationMs":315.799791,"isStdOutTTY":true},"metrics":{"http_req_receiving":{"type":"trend","contains":"time","values":{"p(95)":0.384725,"avg":0.384725,"min":0.384725,"med":0.384725,"max":0.384725,"p(90)":0.384725}},"iteration_duration":{"type":"trend","contains":"time","values":{"med":312.756891,"max":312.756891,"p(90)":312.756891,"p(95)":312.756891,"avg":312.756891,"min":312.756891}},"http_req_waiting":{"type":"trend","contains":"time","values":{"p(90)":97.512242,"p(95)":97.512242,"avg":97.512242,"min":97.512242,"med":97.512242,"max":97.512242}},"iterations":{"contains":"default","values":{"count":1,"rate":3.1665632102967414},"type":"counter"},"http_req_duration{expected_response:true}":{"type":"trend","contains":"time","values":{"avg":98.152194,"min":98.152194,"med":98.152194,"max":98.152194,"p(90)":98.152194,"p(95)":98.152194}},"data_sent":{"values":{"count":438,"rate":1386.9546861099727},"type":"counter","contains":"data"},"http_reqs":{"type":"counter","contains":"default","values":{"count":1,"rate":3.1665632102967414}},"http_req_sending":{"type":"trend","contains":"time","values":{"p(90)":0.255227,"p(95)":0.255227,"avg":0.255227,"min":0.255227,"med":0.255227,"max":0.255227}},"data_received":{"type":"counter","contains":"data","values":{"count":16786,"rate":53153.930048041104}},"http_req_failed":{"type":"rate","contains":"default","values":{"passes":0,"fails":1,"rate":0}},"http_req_duration":{"type":"trend","contains":"time","values":{"med":98.152194,"max":98.152194,"p(90)":98.152194,"p(95)":98.152194,"avg":98.152194,"min":98.152194}},"http_req_blocked":{"type":"trend","contains":"time","values":{"p(90)":214.248145,"p(95)":214.248145,"avg":214.248145,"min":214.248145,"med":214.248145,"max":214.248145}},"http_req_tls_handshaking":{"type":"trend","contains":"time","values":{"avg":95.535438,"min":95.535438,"med":95.535438,"max":95.535438,"p(90)":95.535438,"p(95)":95.535438}},"http_req_connecting":{"type":"trend","contains":"time","values":{"p(90)":93.356025,"p(95)":93.356025,"avg":93.356025,"min":93.356025,"med":93.356025,"max":93.356025}}}}